{"cameraMode":{"drawMode":0,"name":"Shaded","section":"Shading Mode"},"sceneLighting":true,"audioPlay":false,"sceneViewState":{"m_AlwaysRefresh":false,"showFog":true,"showSkybox":true,"showFlares":true,"showImageEffects":true,"showParticleSystems":true,"showVisualEffectGraphs":true,"m_FxEnabled":true},"in2DMode":false,"pivot":{"x":179.10000610351563,"y":3.0333518981933595,"z":-5.95524787902832},"rotation":{"x":0.011999700218439103,"y":-0.0014998477417975665,"z":0.00001799951132852584,"w":0.9999269247055054},"size":4.210643291473389,"orthographic":false}