{"cameraMode":{"drawMode":0,"name":"Shaded","section":"Shading Mode"},"sceneLighting":false,"audioPlay":false,"sceneViewState":{"m_AlwaysRefresh":false,"showFog":false,"showSkybox":false,"showFlares":false,"showImageEffects":false,"showParticleSystems":false,"showVisualEffectGraphs":true,"m_FxEnabled":true},"in2DMode":false,"pivot":{"x":0.7615062594413757,"y":0.8532029390335083,"z":-0.2133578360080719},"rotation":{"x":0.021377256140112878,"y":-0.6105244159698486,"z":0.016487684100866319,"w":0.7915424704551697},"size":2.6291964054107668,"orthographic":false}